<?xml version="1.0" encoding="UTF-8" standalone="no"?>
<!DOCTYPE properties SYSTEM "http://java.sun.com/dtd/properties.dtd">
<properties>
<comment>NWTiS - thop</comment>
<entry key="port">8000</entry>
<entry key="evidDatoteka">NWTiS_evidencija.bin</entry>
<entry key="intervalSerijalizacije">300</entry>
<entry key="adminDatoteka">NWTiS_administratori.xml</entry>
<entry key="brojDretvi">3</entry>
<entry key="razmakDretvi">10</entry>
<entry key="intervalDretve">5</entry>
<entry key="pauzaProblema">3</entry>
<entry key="brojPokusajaProblema">3</entry>
</properties>
