<?xml version="1.0" encoding="UTF-8"?>
<project-private xmlns="http://www.netbeans.org/ns/project-private/1">
    <editor-bookmarks xmlns="http://www.netbeans.org/ns/editor-bookmarks/2" lastBookmarkId="0"/>
    <open-files xmlns="http://www.netbeans.org/ns/projectui-open-files/2">
        <group>
            <file>file:/C:/NWTiS/grupa_3/thop/zadaca_01/thop_zadaca_1/src/TestOpcija.java</file>
            <file>file:/C:/NWTiS/grupa_3/thop/zadaca_01/thop_zadaca_1/src/org/foi/nwtis/thop/zadaca_1/Zadaca_thop_1.java</file>
            <file>file:/C:/NWTiS/grupa_3/thop/zadaca_01/thop_zadaca_1/src/org/foi/nwtis/thop/zadaca_1/ServerSustava.java</file>
        </group>
        <group name="NWTiS">
            <file>file:/E:/Faks/NWTiS/thop_zadaca_1/src/org/foi/nwtis/thop/zadaca_1/ServerSustava.java</file>
            <file>file:/E:/Faks/NWTiS/thop_zadaca_1/src/org/foi/nwtis/thop/zadaca_1/SerijalizatorEvidencije.java</file>
            <file>file:/E:/Faks/NWTiS/thop_zadaca_1/src/org/foi/nwtis/thop/zadaca_1/Zadaca_thop_1.java</file>
            <file>file:/E:/Faks/NWTiS/thop_zadaca_1/src/org/foi/nwtis/thop/zadaca_1/PregledSustava.java</file>
        </group>
    </open-files>
</project-private>
